block_id,msg_type,sender,receiver,time_ms
0,IHAVE,0,32,0
0,IHAVE,0,5,0
0,IHAVE,0,23,0
0,IHAVE,0,1,0
0,IHAVE,0,26,0
0,IHAVE,0,4,0
0,IHAVE,0,49,0
0,IHAVE,0,14,0
0,IHAVE,0,17,0
0,IHAVE,0,12,0
0,IWANT,17,0,18.179422797549034
0,IWANT,14,0,28.485002180601576
0,IWANT,12,0,30.380632580127237
0,IWANT,1,0,32.578006021730154
0,IWANT,32,0,44.986671181842645
0,IWANT,23,0,54.38076155461079
0,IWANT,26,0,66.77911968386417
0,IWANT,5,0,83.46191148862457
0,IWANT,49,0,106.67297895120123
0,IHAVE,14,3,107.6508733387688
0,IHAVE,14,28,107.6508733387688
0,IHAVE,14,6,107.6508733387688
0,IHAVE,14,16,107.6508733387688
0,IHAVE,14,24,107.6508733387688
0,IHAVE,14,8,107.6508733387688
0,IWANT,24,14,115.19364263764861
0,IHAVE,1,23,129.39585763861638
0,IWANT,4,0,141.921579835051
0,IHAVE,17,21,144.8932289462795
0,IHAVE,17,13,144.8932289462795
0,IHAVE,17,48,144.8932289462795
0,IHAVE,17,18,144.8932289462795
0,IHAVE,17,45,144.8932289462795
0,IHAVE,17,33,144.8932289462795
0,IHAVE,17,2,144.8932289462795
0,IHAVE,17,41,144.8932289462795
0,IHAVE,17,9,144.8932289462795
0,IWANT,3,14,157.09859372589491
0,IHAVE,12,10,168.8104619603276
0,IHAVE,12,15,168.8104619603276
0,IHAVE,12,42,168.8104619603276
0,IHAVE,12,40,168.8104619603276
0,IHAVE,12,41,168.8104619603276
0,IHAVE,12,29,168.8104619603276
0,IHAVE,12,21,168.8104619603276
0,IWANT,18,17,171.53424833399555
0,IHAVE,32,5,176.72297833102294
0,IWANT,9,17,176.81884501125847
0,IWANT,21,12,184.69166220531727
0,IWANT,33,17,187.66120555953236
0,IWANT,29,12,188.41913455778055
0,IHAVE,26,7,189.33274427757442
0,IHAVE,26,20,189.33274427757442
0,IHAVE,26,47,189.33274427757442
0,IHAVE,26,4,189.33274427757442
0,IHAVE,26,27,189.33274427757442
0,IHAVE,26,43,189.33274427757442
0,IWANT,15,12,190.0465595289014
0,IWANT,42,12,191.2323787083105
0,IHAVE,24,46,193.4915324106896
0,IHAVE,24,37,193.4915324106896
0,IHAVE,24,19,193.4915324106896
0,IHAVE,24,35,193.4915324106896
0,IHAVE,24,8,193.4915324106896
0,IHAVE,24,22,193.4915324106896
0,IWANT,41,17,194.61537064648994
0,IWANT,40,12,198.77384448749936
0,IWANT,13,17,200.63063004723637
0,IWANT,27,26,205.3228402522377
0,IHAVE,5,32,213.05338777517792
0,IWANT,19,24,216.52206466849242
0,IWANT,37,24,219.46562789334135
0,IWANT,22,24,220.60788661191523
0,IWANT,28,14,222.71804166376853
0,IWANT,8,24,223.2650694387057
0,IWANT,2,17,223.52579639801053
0,IWANT,10,12,223.65895561014545
0,IWANT,45,17,224.43857675818538
0,IWANT,5,32,225.71551475747034
0,IWANT,32,5,228.11674341416037
0,IWANT,4,26,230.33807416678573
0,IWANT,46,24,230.40822307812627
0,IWANT,43,26,232.2386727441742
0,IWANT,16,14,233.1369019175698
0,IWANT,8,14,241.2741930653502
0,IHAVE,23,1,242.4918063862904
0,IWANT,23,1,243.2726623045524
0,IHAVE,3,28,245.68398580735706
0,IWANT,35,24,248.67867906377253
0,IWANT,1,23,249.6964519898684
0,IWANT,7,26,249.70664161954122
0,IHAVE,49,6,250.48366513072563
0,IHAVE,49,16,250.48366513072563
0,IHAVE,49,11,250.48366513072563
0,IHAVE,49,28,250.48366513072563
0,IHAVE,49,14,250.48366513072563
0,IHAVE,49,19,250.48366513072563
0,IHAVE,49,24,250.48366513072563
0,IWANT,47,26,251.79277912260127
0,IWANT,41,12,258.6416592710511
0,IWANT,6,14,261.1751518547056
0,IHAVE,4,47,264.9460927984621
0,IHAVE,4,34,264.9460927984621
0,IHAVE,4,26,264.9460927984621
0,IHAVE,4,20,264.9460927984621
0,IHAVE,4,27,264.9460927984621
0,IHAVE,4,43,264.9460927984621
0,IWANT,14,49,269.3304402318836
0,IWANT,19,49,271.66369784303504
0,IHAVE,15,42,272.8338112864304
0,IHAVE,27,43,275.356355601312
0,IHAVE,18,38,279.4878193180335
0,IHAVE,18,31,279.4878193180335
0,IHAVE,18,44,279.4878193180335
0,IHAVE,9,25,283.18704602696556
0,IHAVE,9,39,283.18704602696556
0,IHAVE,9,41,283.18704602696556
0,IHAVE,9,36,283.18704602696556
0,IHAVE,9,12,283.18704602696556
0,IHAVE,9,15,283.18704602696556
0,IWANT,36,9,287.06538313627544
0,IHAVE,21,17,289.23121562102904
0,IHAVE,21,13,289.23121562102904
0,IHAVE,21,48,289.23121562102904
0,IHAVE,21,45,289.23121562102904
0,IHAVE,21,18,289.23121562102904
0,IHAVE,21,2,289.23121562102904
0,IHAVE,21,33,289.23121562102904
0,IWANT,34,4,293.67834386013715
0,IWANT,16,49,294.81239637820767
0,IWANT,21,17,295.45777582289963
0,IWANT,43,4,297.01324900521143
0,IWANT,47,4,297.61771493935623
0,IWANT,31,18,299.26067199225105
0,IHAVE,19,35,302.64976013117086
0,IWANT,25,9,302.87464405274847
0,IDONTWANT,12,9,304.05412225600634
0,IWANT,11,49,306.42955906423185
0,IWANT,44,18,307.1375322121705
0,IHAVE,8,22,307.264789966869
0,IWANT,39,9,307.36670865313204
0,IWANT,26,4,310.35330319046545
0,IWANT,27,4,313.3393865270357
0,IHAVE,33,30,313.6763330320789
0,IHAVE,33,2,313.6763330320789
0,IHAVE,33,29,313.6763330320789
0,IWANT,20,4,314.265827470893
0,IWANT,28,49,315.6531117099586
0,IWANT,6,49,315.66134497863095
0,IHAVE,40,36,316.4566229481538
0,IHAVE,40,41,316.4566229481538
0,IHAVE,40,9,316.4566229481538
0,IHAVE,40,25,316.4566229481538
0,IWANT,43,27,317.4135652422842
0,IWANT,38,18,319.76003538700616
0,IHAVE,28,3,321.65538784408477
0,IWANT,42,15,322.69722806948806
0,IWANT,28,3,327.015346616245
0,IHAVE,6,49,328.3776438607719
0,IHAVE,6,16,328.3776438607719
0,IHAVE,6,11,328.3776438607719
0,IHAVE,35,19,332.79085544040004
0,IWANT,36,40,333.50148876209295
0,IHAVE,9,10,334.7609823149772
0,IWANT,41,40,336.9116761050851
0,IWANT,22,8,338.45428639305936
0,IWANT,35,19,340.01410083094413
0,IHAVE,29,2,340.85913173323496
0,IHAVE,29,30,340.85913173323496
0,IHAVE,29,33,340.85913173323496
0,IHAVE,29,21,340.85913173323496
0,IHAVE,29,17,340.85913173323496
0,IWANT,11,6,341.333003150047
0,IDONTWANT,19,35,343.38431423752445
0,IHAVE,16,6,349.03674364543156
0,IHAVE,16,49,349.03674364543156
0,IHAVE,16,11,349.03674364543156
0,IWANT,20,26,350.4766150674143
0,IWANT,48,21,353.70482620906375
0,IWANT,41,9,354.8444003455878
0,IDONTWANT,17,21,354.85095657985045
0,IWANT,33,29,357.61089275637
0,IWANT,2,33,360.25019475683104
0,IHAVE,2,29,360.2591987230761
0,IHAVE,2,33,360.2591987230761
0,IHAVE,2,30,360.2591987230761
0,IHAVE,41,36,364.56515984676486
0,IHAVE,41,40,364.56515984676486
0,IHAVE,41,25,364.56515984676486
0,IHAVE,41,9,364.56515984676486
0,IHAVE,41,42,364.56515984676486
0,IHAVE,41,12,364.56515984676486
0,IWANT,45,21,366.5629289101844
0,IWANT,29,2,369.7429009181481
0,IWANT,10,9,373.39101146791535
0,IWANT,49,16,374.2961416075654
0,IWANT,42,41,374.5577888160415
0,IWANT,15,9,377.6764582288569
0,IWANT,16,6,378.17683733204507
0,IHAVE,43,27,379.0950951575421
0,IWANT,25,40,379.6413581061245
0,IWANT,30,29,381.5503140517914
0,IWANT,30,2,384.5335456540042
0,IWANT,21,29,389.8286139665209
0,IWANT,49,6,392.9790685982566
0,IWANT,36,41,393.9026923603307
0,IDONTWANT,12,41,398.56385499775405
0,IWANT,18,21,399.6480228083963
0,IDONTWANT,9,40,401.63642510093985
0,IDONTWANT,9,41,402.54082451887564
0,IWANT,24,49,403.6422678921135
0,IWANT,29,33,404.0395307389738
0,IWANT,2,29,404.23895060615996
0,IWANT,3,28,410.53097687407814
0,IWANT,6,16,413.33323988140444
0,IHAVE,45,31,419.1153326391886
0,IHAVE,45,44,419.1153326391886
0,IHAVE,45,18,419.1153326391886
0,IHAVE,45,38,419.1153326391886
0,IDONTWANT,33,21,422.68026897402865
0,IWANT,25,41,424.3417319913015
0,IWANT,40,41,424.34180584287395
0,IHAVE,22,8,424.4874315985656
0,IHAVE,36,41,428.74927225265134
0,IHAVE,30,33,432.6947043506814
0,IDONTWANT,33,2,440.2567055229372
0,IDONTWANT,13,21,441.515838488618
0,IHAVE,44,31,447.4064679879144
0,IHAVE,44,45,447.4064679879144
0,IDONTWANT,8,22,450.655192403705
0,IHAVE,41,10,455.79794600488765
0,IWANT,48,17,462.3448178753281
0,IHAVE,21,2,465.1823480336217
0,IDONTWANT,33,30,467.4991832587396
0,IHAVE,31,44,467.9828921160508
0,IHAVE,31,45,467.9828921160508
0,IHAVE,40,25,468.4579311981665
0,IWANT,2,21,473.92008019487685
0,IDONTWANT,11,16,482.0004193790988
0,IHAVE,2,30,483.69544765649687
0,IDONTWANT,2,21,485.30638395774344
0,IWANT,38,45,490.19888468341344
0,IDONTWANT,41,36,490.9706159056326
0,IWANT,31,44,501.82480835186726
0,IDONTWANT,30,33,503.37355658574984
0,IDONTWANT,18,45,510.3539502323215
0,IDONTWANT,17,29,520.0800122610926
0,IDONTWANT,25,40,523.8363225716014
0,IDONTWANT,45,44,536.511361489296
0,IWANT,44,31,539.9766310648296
0,IHAVE,29,13,545.9105885462847
0,IDONTWANT,27,43,549.2072639053405
0,IHAVE,41,25,575.360264593864
0,IWANT,44,45,579.6699994393996
0,IDONTWANT,45,31,594.1952258443183
0,IDONTWANT,13,29,595.0955088297277
0,IDONTWANT,31,45,597.9412066191969
0,IHAVE,45,38,619.91790623283
0,IHAVE,29,18,629.8418915223059
0,IHAVE,45,44,637.3310481910382
0,IDONTWANT,10,41,647.2410119501269
0,IHAVE,21,29,653.3137218876925
0,IHAVE,41,15,660.576956200708
0,IDONTWANT,38,45,682.3513361884104
0,IDONTWANT,30,2,683.3831200045263
0,IDONTWANT,29,21,693.6461172632565
0,IDONTWANT,44,45,701.8000739141792
0,IHAVE,40,39,716.4794080340278
0,IHAVE,21,30,716.5661799016741
0,IWANT,39,40,748.9527038481402
0,IDONTWANT,30,21,750.9809465969508
0,IDONTWANT,15,41,751.1332372169765
0,IDONTWANT,18,29,754.8898639651667
0,IHAVE,29,21,780.7779910215247
0,IDONTWANT,25,41,788.5300324276182
0,IHAVE,41,39,816.9633925943273
0,IDONTWANT,21,29,853.2737564510683
0,IHAVE,29,31,886.6533921973146
0,IDONTWANT,31,29,908.2999515739054
0,IDONTWANT,39,41,926.7796308899525
0,IHAVE,29,38,995.1950947151294
0,IHAVE,41,42,1016.9561871734488
0,IDONTWANT,38,29,1045.4095146610935
0,IDONTWANT,42,41,1094.7577213090462
0,IHAVE,29,44,1095.0015775440968
0,IDONTWANT,44,29,1186.2606016963632
0,IHAVE,29,45,1253.7360992116128
0,IDONTWANT,45,29,1308.5937008075562
0,IHAVE,29,48,1345.3459892860976
0,IDONTWANT,48,29,1402.315472027235
