block_id,node_id,time_ms,inject_time_ms
0,637,0,0
0,314,91.25871230195067,0
0,926,103.88378730436855,0
0,253,104.63400694662259,0
0,937,106.69001257373954,0
0,345,109.47105083623892,0
0,315,110.56769462549708,0
0,777,112.25025851923712,0
0,336,113.74868674669771,0
0,532,121.34909301457306,0
0,450,126.10622746956206,0
0,623,127.00683667261156,0
0,597,133.94500788892452,0
0,453,134.29308651621386,0
0,729,139.70666076726792,0
0,227,141.01729875162255,0
0,888,141.21270094491888,0
0,961,142.61130885358494,0
0,19,144.0405779527931,0
0,809,145.4367212050666,0
0,762,147.1290095890844,0
0,199,149.35474326014398,0
0,326,149.91197715430357,0
0,771,150.19872005656333,0
0,734,151.33100769386027,0
0,830,153.81703446409878,0
0,824,160.8665995746752,0
0,607,163.82184492114885,0
0,574,165.58919296234018,0
0,895,173.00396943637915,0
0,172,191.67958353411677,0
0,124,193.3294937208409,0
0,845,213.44056768798563,0
0,553,216.38936233120953,0
0,433,228.8637618672438,0
0,902,228.87199328816718,0
0,644,230.3973654251363,0
0,619,234.65870146812006,0
0,116,242.06932167745902,0
0,16,244.5431916488012,0
0,254,245.87865732554445,0
0,256,254.03553534380976,0
0,445,261.21619592087194,0
0,763,270.2894452637264,0
0,121,272.84271629418186,0
0,859,277.4845767409748,0
0,323,278.53885510628385,0
0,317,278.674938842894,0
0,46,279.4778104177701,0
0,48,282.7174809594339,0
0,86,283.0595773899817,0
0,738,294.15700035243725,0
0,563,296.6582513311129,0
0,387,297.48010956974633,0
0,994,298.6075397788138,0
0,278,299.3524915300872,0
0,578,301.2346842697758,0
0,603,302.1981010993948,0
0,998,304.8343206871975,0
0,958,306.5680634527804,0
0,293,306.7389563015468,0
0,759,311.24771527677586,0
0,521,314.7948782643058,0
0,463,315.7726475563268,0
0,51,317.371564147435,0
0,208,318.13065175202655,0
0,263,320.9019628602959,0
0,907,321.20176768065926,0
0,396,321.6896908259399,0
0,586,324.92292066124264,0
0,407,329.73911115131443,0
0,360,330.59054619446556,0
0,894,332.38178873989716,0
0,758,333.08371491570637,0
0,988,333.6035521759311,0
0,112,337.90077728477365,0
0,976,338.31303225122497,0
0,848,338.5741698129141,0
0,513,339.5559895439545,0
0,364,339.73357933574016,0
0,650,341.919928190508,0
0,987,342.5186298297387,0
0,698,342.58742178987256,0
0,55,343.08061650628963,0
0,507,343.3816722828339,0
0,765,343.6170561452681,0
0,429,344.81463254306595,0
0,283,345.4978064829385,0
0,223,346.17992554529746,0
0,102,346.43429883404184,0
0,428,346.89173092861665,0
0,269,347.2270908158661,0
0,235,347.81540107386166,0
0,555,349.1030915459796,0
0,892,349.16881720976767,0
0,568,352.1187628373243,0
0,742,354.4196042727973,0
0,377,355.3055954306783,0
0,167,357.80694640706605,0
0,737,358.57664753226135,0
0,190,358.6290216569532,0
0,128,358.7136407818014,0
0,565,358.9307727375939,0
0,25,359.58630195493436,0
0,675,360.03264410718225,0
0,473,360.4056851248857,0
0,969,360.76322035418605,0
0,374,360.8930603231257,0
0,143,364.68698575694924,0
0,306,365.93943156079735,0
0,149,367.07655709726635,0
0,766,368.48618571604595,0
0,439,374.35575516525984,0
0,120,374.7261079841604,0
0,718,376.0234001579987,0
0,874,377.33758003477004,0
0,413,377.9451557803782,0
0,986,378.7888181722668,0
0,861,379.64301871152,0
0,72,379.8667997775392,0
0,489,380.5858645547079,0
0,515,382.3201743750809,0
0,262,384.61796753544127,0
0,851,385.5861085196055,0
0,447,386.4044207213675,0
0,826,388.24969214034695,0
0,174,389.2997994169707,0
0,721,389.491483749675,0
0,952,389.4964385473409,0
0,709,392.79310046393465,0
0,922,394.1662470067989,0
0,668,399.9650500942998,0
0,137,403.41403954074525,0
0,378,406.6300088831683,0
0,893,407.4629612093334,0
0,252,408.55537019638257,0
0,85,410.7500066436029,0
0,985,410.7991558437119,0
0,264,414.11166718199047,0
0,620,415.6625981061177,0
0,419,416.6103698053656,0
0,792,421.0328564764894,0
0,107,421.25898616018895,0
0,234,423.0865896448474,0
0,152,423.87101593353344,0
0,501,425.89904234533464,0
0,755,427.12259389959365,0
0,900,427.4943689082811,0
0,388,428.6333491976816,0
0,93,432.61563654940494,0
0,964,436.2107245208846,0
0,654,437.6184844746705,0
0,608,438.28433725112967,0
0,552,438.3200777909137,0
0,258,439.44382709675887,0
0,45,439.714637969386,0
0,703,439.84402620656834,0
0,342,440.02271219144524,0
0,159,440.5705402996978,0
0,110,441.08226699034714,0
0,847,441.45550800832484,0
0,42,442.36057539494095,0
0,422,443.2947435143234,0
0,288,444.056013475815,0
0,272,444.25611476220405,0
0,790,444.3242815519782,0
0,189,445.02933666759225,0
0,760,448.4424922407528,0
0,67,449.11271321779833,0
0,316,452.66847065503356,0
0,612,453.34965127767117,0
0,259,453.9512073414284,0
0,247,454.099511177096,0
0,38,454.7001668906979,0
0,145,455.0911790078962,0
0,694,455.61932484957464,0
0,211,455.8802714329414,0
0,940,458.26222084412115,0
0,187,459.35251554372206,0
0,577,460.1844598386356,0
0,134,462.71154737620475,0
0,58,464.1668325135312,0
0,576,465.02124370725335,0
0,69,465.18649008868255,0
0,506,467.02989896437157,0
0,527,467.4699181719704,0
0,591,468.0371465423156,0
0,883,469.2754440241571,0
0,660,470.72404821977824,0
0,260,472.7451318961614,0
0,446,478.4148203794484,0
0,911,478.9312792250897,0
0,348,479.14518582693154,0
0,324,479.1839565769871,0
0,398,480.17496528465335,0
0,373,481.1070424312393,0
0,233,481.6604555728655,0
0,886,484.90013548112677,0
0,754,487.28367194263944,0
0,409,487.4629402558927,0
0,11,489.43534600728333,0
0,452,490.9779974960875,0
0,600,491.67278634734055,0
0,338,495.76651516504353,0
0,62,496.65178309021013,0
0,601,497.1594780842079,0
0,858,498.198917612738,0
0,333,498.9136599430743,0
0,909,499.4618048460865,0
0,346,502.19561248468995,0
0,241,508.86997417462,0
0,157,509.2519198899986,0
0,973,509.38992907136844,0
0,468,510.05214663994155,0
0,820,510.5790432423728,0
0,996,511.43728812898723,0
0,884,512.4370965667509,0
0,554,513.606656350714,0
0,390,515.148503221447,0
0,474,517.3563165497833,0
0,841,517.463149093872,0
0,119,518.8127862393683,0
0,611,519.749642587214,0
0,571,521.1028122856997,0
0,286,521.1176488388509,0
0,158,522.519951014142,0
0,979,525.6433172817242,0
0,658,527.1892137042852,0
0,853,530.2453815160917,0
0,690,531.6061025810435,0
0,666,532.5719764454984,0
0,531,532.6181735054977,0
0,362,537.3318690083819,0
0,954,538.6962617560471,0
0,516,540.1417677513041,0
0,154,541.4904463468416,0
0,282,542.1975825711502,0
0,838,543.1564703836577,0
0,880,543.8901661573042,0
0,528,544.6491137976076,0
0,972,544.8420835933391,0
0,294,545.7024766363112,0
0,867,546.4749341016147,0
0,588,547.6876130483225,0
0,784,548.749097669469,0
0,562,551.1084652763357,0
0,876,551.2256160128952,0
0,932,552.0166743551624,0
0,366,552.5014107801754,0
0,214,553.1894989446123,0
0,466,554.3108878319264,0
0,240,555.2856833866939,0
0,369,557.0735233470405,0
0,381,559.4182291320399,0
0,0,561.5978354287018,0
0,184,562.6814168365872,0
0,265,562.8518897901936,0
0,24,563.3495271346821,0
0,309,563.459173448769,0
0,786,563.5436576262153,0
0,435,565.3418974289661,0
0,332,565.6690665638895,0
0,827,566.1382895955616,0
0,165,567.3044701773011,0
0,80,567.9059114308268,0
0,61,568.3378823731284,0
0,115,569.1967379382269,0
0,707,569.6207657990374,0
0,318,569.8436988007204,0
0,950,571.8996120729324,0
0,328,571.9138907033328,0
0,558,574.4932983671044,0
0,222,575.9294389860743,0
0,99,576.0303908682159,0
0,691,578.7275235380393,0
0,106,579.1549504757552,0
0,298,580.7481867473441,0
0,681,581.8457830992709,0
0,939,582.106779180727,0
0,508,582.144189953229,0
0,920,582.3904794078153,0
0,289,582.4732831230283,0
0,872,582.5087120356144,0
0,442,583.0898021319521,0
0,783,583.781383122099,0
0,617,584.5932617982991,0
0,849,584.6272732364753,0
0,307,584.7934997597297,0
0,598,587.5319888423065,0
0,27,587.7758838093508,0
0,624,588.0278081447532,0
0,685,588.67175052511,0
0,291,588.9439458544947,0
0,136,590.4863388601368,0
0,751,591.3040150860847,0
0,511,591.8953353772114,0
0,653,593.7252910567919,0
0,866,594.1360184587513,0
0,674,594.7130803167203,0
0,127,596.5098951250752,0
0,566,596.5327188188326,0
0,191,596.6124416912123,0
0,441,596.9162326858954,0
0,526,596.9981581467367,0
0,726,598.185333252664,0
0,54,600.8192740334757,0
0,139,601.8735776879626,0
0,17,603.6832922728532,0
0,767,605.0977973712662,0
0,478,605.1119796546228,0
0,105,608.6611813794021,0
0,834,609.4360659477643,0
0,938,613.2684787332773,0
0,114,614.2561824787127,0
0,405,614.3186079897922,0
0,467,617.1781139785643,0
0,735,617.7366042306496,0
0,481,621.0472695036249,0
0,39,621.8088506494281,0
0,329,624.2737428104442,0
0,203,624.6974743981663,0
0,529,625.39479929301,0
0,606,626.3592295964456,0
0,391,626.8148786416248,0
0,71,626.8991918412514,0
0,930,627.3274994120673,0
0,557,627.61096589174,0
0,695,627.6423883265154,0
0,368,628.1466911272107,0
0,414,628.2257457998599,0
0,451,628.3337447452174,0
0,340,628.3575648561376,0
0,856,629.3951728274492,0
0,472,629.7642624365513,0
0,569,630.8927557402537,0
0,965,634.0674901382706,0
0,785,634.7049200906541,0
0,524,635.050751950845,0
0,704,639.5040552312994,0
0,150,641.6278378096285,0
0,570,643.4906582438166,0
0,243,643.6538868654645,0
0,875,644.4107200056221,0
0,163,644.6943167757154,0
0,843,645.4774432082635,0
0,425,646.6157337100145,0
0,918,647.5605127681179,0
0,418,648.9784602150314,0
0,226,649.8617842940943,0
0,889,650.0657454581826,0
0,716,650.7186033853187,0
0,341,651.0433650053408,0
0,59,651.2631050446818,0
0,496,651.3428713952596,0
0,714,654.8211035361372,0
0,599,655.6238915402243,0
0,816,656.4369343532442,0
0,200,657.5099583506784,0
0,903,658.3852962150918,0
0,53,659.2162993057716,0
0,768,659.527421611559,0
0,682,659.8757173157982,0
0,70,664.8617403257681,0
0,523,664.945759180981,0
0,991,666.3414650347027,0
0,464,667.4561460022965,0
0,984,668.5451452946554,0
0,210,670.0456915462678,0
0,493,670.4693601879012,0
0,992,671.2912069372483,0
0,881,671.6141350181935,0
0,750,671.9306271868497,0
0,655,672.456442026002,0
0,752,673.0299015491023,0
0,512,674.3047038942076,0
0,140,674.5803676886555,0
0,719,675.2186219824836,0
0,641,676.5438369352127,0
0,990,676.5850533866385,0
0,733,676.9560474820394,0
0,960,677.8237500750956,0
0,108,677.949871298334,0
0,705,678.389400156455,0
0,142,678.5486600461835,0
0,647,679.4458070215904,0
0,365,679.9925792647643,0
0,815,681.3412326485956,0
0,91,682.3669646342695,0
0,498,682.8581568161261,0
0,204,684.2376472940216,0
0,687,684.3879575461234,0
0,177,685.457416234853,0
0,122,685.6172505059342,0
0,403,685.6283953984843,0
0,864,685.6900083244947,0
0,9,685.7266555279499,0
0,649,686.0639194741967,0
0,401,686.1501749915858,0
0,906,687.1157279283135,0
0,633,687.1252050846448,0
0,438,687.1678165984385,0
0,822,687.2271461509911,0
0,854,688.8346470337541,0
0,297,690.0690959089571,0
0,556,690.0944029967421,0
0,720,690.3047388490006,0
0,782,691.1208238784894,0
0,268,691.3478517170008,0
0,702,691.7660664443796,0
0,873,692.301227253429,0
0,839,692.3225808928435,0
0,573,692.708100086302,0
0,636,694.3255811796346,0
0,904,695.1626815696078,0
0,616,696.4553048240776,0
0,95,697.4403210764493,0
0,534,697.5952383279279,0
0,52,698.3784551801666,0
0,706,699.0194293937844,0
0,789,699.3910944804327,0
0,604,699.9221913801294,0
0,542,700.3757593317908,0
0,975,700.6072438281328,0
0,186,701.0474568002711,0
0,349,701.5049555376471,0
0,280,701.6987993857786,0
0,371,702.5715757017382,0
0,285,703.5375729861217,0
0,192,704.488371271975,0
0,882,705.4110037128336,0
0,5,706.472379470679,0
0,646,707.0110256198752,0
0,629,708.1869624294806,0
0,535,708.5752235276807,0
0,533,709.1960287834763,0
0,347,709.6207700463186,0
0,580,710.3204348464634,0
0,818,710.64840763615,0
0,868,712.0309899886227,0
0,966,714.2769952351904,0
0,164,715.0488020563179,0
0,914,715.3921575708019,0
0,275,715.6212901932121,0
0,730,716.4845520185859,0
0,319,716.5563687046342,0
0,724,718.0065001365037,0
0,375,720.1512916023867,0
0,530,720.1790802894561,0
0,999,720.2503141543538,0
0,829,721.2873272605669,0
0,281,721.4777951074408,0
0,427,721.574988361172,0
0,590,722.4917174151534,0
0,322,723.014873836608,0
0,661,725.0392806149438,0
0,955,725.0774670436614,0
0,215,726.4938711040475,0
0,618,726.5327758343371,0
0,919,726.7030805193826,0
0,539,727.7276092428235,0
0,382,728.3749458436184,0
0,402,728.5487798475833,0
0,101,728.8654141307887,0
0,663,729.6976068388838,0
0,97,729.8030920218652,0
0,353,730.0073048750992,0
0,962,732.1194333412132,0
0,279,733.315665871303,0
0,510,735.6316663738276,0
0,821,736.3448773014596,0
0,205,736.5607945963982,0
0,65,737.0197848356098,0
0,662,737.6289198787559,0
0,20,738.1048582700367,0
0,354,739.6625435714349,0
0,509,740.0296493649663,0
0,449,740.3333284661968,0
0,221,741.0378781776909,0
0,494,741.2663009811139,0
0,921,742.1636333058116,0
0,547,745.9335097151028,0
0,910,747.4560604438734,0
0,835,748.0696022778816,0
0,155,748.3647597765528,0
0,676,748.4079824274415,0
0,773,748.4814969019237,0
0,582,748.7714497184911,0
0,672,749.1276206018547,0
0,561,749.2580202957015,0
0,948,749.7261638928339,0
0,129,753.335942036049,0
0,392,754.6640132974651,0
0,430,756.4784577603315,0
0,797,756.9451187138088,0
0,863,760.2353740810775,0
0,131,760.6810184472342,0
0,133,766.0702377549751,0
0,385,767.4108711049508,0
0,337,767.5695476456082,0
0,593,768.242205221529,0
0,778,768.9135194559199,0
0,949,769.0968117699008,0
0,981,770.429827291143,0
0,32,770.7481586070093,0
0,141,771.1640864260605,0
0,423,771.2122871969013,0
0,14,772.2981262373324,0
0,801,772.4217072068964,0
0,953,773.2434882549172,0
0,828,773.3771256230777,0
0,213,773.8348268063542,0
0,236,773.987370327935,0
0,536,774.6275154593527,0
0,913,775.1006969224953,0
0,465,775.5134015005134,0
0,250,775.6956795294179,0
0,585,776.6123239473748,0
0,372,778.3770498866203,0
0,947,778.8430955827035,0
0,146,779.4019589944797,0
0,928,780.3179741277834,0
0,865,781.0487765823525,0
0,610,781.5075557802157,0
0,220,781.522348864546,0
0,434,781.55778617116,0
0,248,782.1290631891221,0
0,808,782.4377113325927,0
0,7,783.2074803760023,0
0,484,784.7528100089171,0
0,237,784.8882781715683,0
0,678,784.9939662807029,0
0,935,785.2961187146325,0
0,461,785.7719763171312,0
0,500,785.962228663135,0
0,175,787.6393748849454,0
0,879,787.8964472250805,0
0,415,788.3766488015987,0
0,727,789.6319757036043,0
0,179,789.9928593276497,0
0,299,790.7805897063769,0
0,380,791.3483553494635,0
0,470,791.9670645963139,0
0,82,792.9508842936158,0
0,779,793.1071691457117,0
0,87,793.9957951925029,0
0,923,794.0210095386484,0
0,78,794.112466574217,0
0,60,794.3184262892773,0
0,183,794.5926960456253,0
0,23,794.9187249082315,0
0,22,795.6048412160901,0
0,40,796.7531354821134,0
0,915,797.1307871018172,0
0,929,797.7348940370091,0
0,917,798.3617266160585,0
0,3,798.7640368259729,0
0,367,799.1693857592752,0
0,212,799.4566525078334,0
0,564,800.1793355430127,0
0,560,801.1050824094984,0
0,499,801.540399147227,0
0,744,801.6196021020597,0
0,544,801.7841161447341,0
0,486,801.8436689629985,0
0,476,801.8941100752106,0
0,908,801.9224017063437,0
0,395,802.3430253367744,0
0,207,803.6327701182594,0
0,896,803.9328962478792,0
0,75,804.7174678590206,0
0,64,804.7282708819847,0
0,823,805.7141154037822,0
0,232,805.8772923495096,0
0,963,806.2962235823773,0
0,79,806.590804935385,0
0,421,806.7861928821362,0
0,692,806.932488577692,0
0,614,807.892314079247,0
0,244,808.3595591872031,0
0,379,808.4643500192738,0
0,313,808.69547849792,0
0,713,808.9501284628716,0
0,130,809.2428337210223,0
0,522,810.0679046382825,0
0,589,810.1716162755109,0
0,543,810.1793250233557,0
0,802,810.4087149516802,0
0,153,810.445178201262,0
0,899,810.5607706414695,0
0,819,811.5920024486327,0
0,104,812.4401432434674,0
0,169,812.5554504788524,0
0,788,812.6314776952588,0
0,677,812.6438654231624,0
0,417,812.6763900830312,0
0,794,812.6857564108559,0
0,869,815.62661019565,0
0,483,815.643971227625,0
0,825,815.8313799378074,0
0,710,815.8352218592851,0
0,842,816.0451876035766,0
0,310,816.137850234643,0
0,350,816.6492816034767,0
0,840,816.9488153881363,0
0,684,818.627684279948,0
0,793,818.9237189608473,0
0,944,820.271245744769,0
0,833,820.7144421337952,0
0,21,820.7391717338967,0
0,217,822.330594937978,0
0,736,822.5148860143336,0
0,946,822.9450547824731,0
0,669,823.149855499207,0
0,185,825.4386338694455,0
0,517,826.8047359521676,0
0,813,829.6216123335321,0
0,305,830.2424123917675,0
0,356,831.1627336831431,0
0,545,831.4629377509406,0
0,138,831.480742381912,0
0,94,831.8465749086051,0
0,717,832.0700016820826,0
0,327,832.2123558753434,0
0,475,832.3172427195384,0
0,238,832.9855348085496,0
0,852,835.4196527695602,0
0,638,836.8746071306969,0
0,171,838.3189969548366,0
0,837,838.4778749256071,0
0,270,838.7291605007467,0
0,448,840.345317532041,0
0,304,841.3516841634637,0
0,383,841.4299547071018,0
0,63,842.4008683842688,0
0,357,842.9066837117925,0
0,393,842.9524863350438,0
0,311,843.1296880454727,0
0,967,843.7226668926311,0
0,708,844.1041329309284,0
0,800,844.2352502709787,0
0,325,845.3068480958821,0
0,308,845.4417363249872,0
0,957,845.506159331973,0
0,400,845.5172732802575,0
0,330,846.1762343612846,0
0,725,846.8706966658615,0
0,596,847.1390774167736,0
0,855,848.1029382345985,0
0,980,848.1350566482444,0
0,77,848.4589506302646,0
0,550,848.6982809384938,0
0,723,848.7721962164662,0
0,411,849.019332815685,0
0,335,849.0378024862108,0
0,613,849.0708570162367,0
0,231,850.0148451592676,0
0,168,850.5660133757223,0
0,245,850.6408636007583,0
0,100,851.4731635029391,0
0,295,851.6475162894054,0
0,160,851.9070339214117,0
0,170,853.0544324583907,0
0,774,854.6713724333046,0
0,548,855.0620177710323,0
0,455,855.2455231303869,0
0,49,855.8085293057416,0
0,83,857.3545189736875,0
0,635,857.8570050514437,0
0,41,857.9812026940491,0
0,696,858.213936144153,0
0,485,858.6805167128567,0
0,246,859.0683165358574,0
0,271,860.1834967248101,0
0,480,861.0948182327345,0
0,111,861.4521154549423,0
0,384,864.1008307650142,0
0,113,864.1310917779144,0
0,982,864.328691982343,0
0,520,867.387839387038,0
0,798,867.9432830256856,0
0,194,869.2623204530609,0
0,408,869.2915369966304,0
0,731,870.0725007991277,0
0,749,870.6084406592803,0
0,81,870.9934132089563,0
0,592,871.5533225744066,0
0,931,872.0871242531922,0
0,301,872.5498469215731,0
0,983,873.1463966702449,0
0,1,874.4102501058869,0
0,148,875.129459227529,0
0,495,875.1767823049677,0
0,459,875.4722903637967,0
0,26,875.7298989874467,0
0,296,876.7344605052682,0
0,745,878.1848173346009,0
0,312,878.4235901708034,0
0,551,878.4239502514167,0
0,583,878.5915455576722,0
0,351,879.1781181994556,0
0,370,879.2717220890287,0
0,941,880.594507319439,0
0,44,880.6464655919034,0
0,219,882.1243567506805,0
0,885,882.3612198739189,0
0,479,882.8211996708189,0
0,901,883.0602278071931,0
0,156,883.8042034398304,0
0,92,883.9363958797874,0
0,173,885.3770743916552,0
0,290,886.4286242594947,0
0,50,887.3663983080944,0
0,166,887.7866081813028,0
0,90,887.8272413261187,0
0,161,888.2690089498111,0
0,230,888.3034546870218,0
0,519,888.627835721135,0
0,300,888.7623612926684,0
0,806,889.8064165966778,0
0,977,890.3573890874596,0
0,251,890.4483960288767,0
0,844,892.040167119322,0
0,652,892.5332477000361,0
0,404,894.0237705605889,0
0,277,894.3626222741084,0
0,625,894.6955146080535,0
0,292,894.9950421933995,0
0,951,895.1806843703238,0
0,679,895.2929507815318,0
0,180,895.4903676724019,0
0,12,895.5825113848064,0
0,224,896.3012859631593,0
0,355,896.6985366959498,0
0,126,897.2011120041167,0
0,89,897.3260360623144,0
0,394,897.6862449368042,0
0,303,897.8417234154074,0
0,540,901.4636714038727,0
0,615,901.9332956832618,0
0,942,902.927274362346,0
0,651,905.9788827857693,0
0,117,906.1756865082722,0
0,643,906.3835085411769,0
0,671,906.4058497095813,0
0,109,908.806885393311,0
0,257,911.3199183480248,0
0,125,912.2534196891448,0
0,803,912.2884001324944,0
0,456,914.228031756527,0
0,898,915.3787312445877,0
0,151,915.4864151593962,0
0,657,917.1329486145988,0
0,780,917.1802843889029,0
0,997,918.5004219127331,0
0,249,918.6806252942927,0
0,84,918.9479349371375,0
0,462,919.1943219097227,0
0,891,919.4420375671422,0
0,432,919.7147320666935,0
0,887,919.7927833269655,0
0,594,920.0740661182475,0
0,912,920.6883983602048,0
0,98,920.8768245913452,0
0,587,923.5350263060469,0
0,389,924.8004059905188,0
0,628,926.0837556227525,0
0,261,927.0589480402845,0
0,747,927.7861382612723,0
0,274,931.2976078247843,0
0,273,932.003134324359,0
0,699,933.5551197737046,0
0,195,933.9560378138029,0
0,482,936.5771963604657,0
0,775,937.7642902697393,0
0,686,938.3209217573985,0
0,225,940.7499341896246,0
0,2,941.2701299544857,0
0,431,943.3313042573619,0
0,73,946.752511923199,0
0,218,948.8047464875292,0
0,621,949.743424266381,0
0,206,950.6056430484814,0
0,8,951.6811940286416,0
0,916,952.031601783105,0
0,846,952.4535358833214,0
0,945,952.7541613451671,0
0,659,954.9594107817333,0
0,239,955.4828276918136,0
0,772,955.9666385607806,0
0,178,957.1922637865621,0
0,609,957.844994782224,0
0,33,958.4134266509471,0
0,228,962.529219060734,0
0,460,964.0768118110755,0
0,457,965.5297059259822,0
0,397,965.6791883626022,0
0,831,965.9957571923374,0
0,196,967.6230300574068,0
0,796,969.1696184763296,0
0,722,969.6720175638156,0
0,424,970.4392608907074,0
0,6,972.2071951195187,0
0,934,972.4508417302852,0
0,732,973.1334210543462,0
0,344,977.524498774213,0
0,807,977.8843119360536,0
0,549,978.283472064076,0
0,743,978.355738186613,0
0,537,980.9192261829074,0
0,933,981.6205535574929,0
0,471,981.8225388861583,0
0,860,981.9611162548714,0
0,795,982.0124406144043,0
0,454,984.1024792841557,0
0,870,987.6685412444001,0
0,68,988.0334144017534,0
0,66,988.5302901401684,0
0,857,988.7690724536396,0
0,632,989.5459816834378,0
0,605,989.5610809225391,0
0,132,995.2112900440547,0
0,144,995.2961667098258,0
0,799,996.3362237010667,0
0,995,997.3936790132593,0
0,412,997.6415253319301,0
0,302,997.6885445530554,0
0,321,998.7256006990314,0
0,514,999.2738783213363,0
1,261,1000.0,1000.0
0,209,1001.018017813507,0
0,477,1001.7765846348747,0
0,715,1002.9086733765911,0
0,639,1003.416795323455,0
0,804,1003.5597296146343,0
0,198,1004.0671831672944,0
0,518,1004.0833713605526,0
0,602,1004.1124601893235,0
0,943,1004.3103892611578,0
0,399,1004.5090763423597,0
0,925,1006.5857008024075,0
0,538,1007.4680739002354,0
0,878,1008.2458051286496,0
0,229,1008.5341079932418,0
0,748,1009.0808177104752,0
0,871,1011.4083623967852,0
0,437,1011.6513896911869,0
0,959,1012.4061536407353,0
0,711,1014.5426050230712,0
0,956,1015.6075603494123,0
0,927,1015.9058641035384,0
0,123,1022.0470598301148,0
0,363,1022.6600485843412,0
0,978,1024.2695907406257,0
0,584,1024.2867229799494,0
0,817,1026.0242343447085,0
0,832,1028.8134903353998,0
0,440,1029.3414237633597,0
0,420,1031.432459488587,0
0,971,1031.969011609027,0
0,56,1032.3891574546742,0
0,334,1033.102267530979,0
0,358,1034.007671356586,0
0,689,1035.078734307383,0
0,968,1036.0003433153815,0
0,426,1036.134066179405,0
0,683,1037.7673081175274,0
0,504,1038.017655854248,0
0,376,1039.2504962730445,0
0,491,1039.4431275410382,0
0,458,1040.6467604200834,0
0,47,1041.0661897535874,0
0,267,1044.2369381474682,0
0,502,1048.2842597594502,0
0,242,1048.645388953012,0
0,805,1051.685118459648,0
0,701,1055.359332467521,0
0,188,1056.3912358015734,0
0,37,1056.6705932761597,0
0,974,1058.7745479745495,0
0,176,1060.6495571368268,0
0,595,1063.1366479025305,0
0,630,1063.2602256208238,0
0,96,1066.1431431396886,0
0,812,1067.2525638453205,0
0,667,1070.6059334372828,0
0,787,1071.059860115022,0
0,634,1071.2565450104216,0
0,147,1074.4051873681417,0
0,700,1078.3253266046975,0
0,645,1079.345533340557,0
0,284,1079.3940184266535,0
0,567,1079.6837804629356,0
0,769,1080.249773514904,0
0,741,1086.166065028052,0
0,640,1086.3316285256672,0
0,135,1090.6363969134645,0
0,266,1091.3942960968402,0
0,739,1092.369733799017,0
0,579,1092.8949818329886,0
0,924,1093.1193042942277,0
0,627,1093.691024227274,0
0,343,1095.739583791272,0
1,796,1097.343936576288,1000.0
0,814,1097.5654826313623,0
1,460,1099.4911277037836,1000.0
0,352,1102.7908097397249,0
0,680,1103.3122567151045,0
0,410,1104.538354063659,0
1,634,1104.7821817072834,1000.0
1,361,1104.986870771298,1000.0
1,358,1105.3006117104744,1000.0
0,497,1105.317908736805,0
0,18,1107.2746873639028,0
1,20,1108.276352020137,1000.0
0,993,1108.4572535586015,0
1,956,1109.3926897347035,1000.0
0,905,1110.1920304625814,0
0,631,1113.415497714419,0
0,406,1114.0520828994488,0
0,503,1114.457455040025,0
0,34,1114.7456067987532,0
0,162,1116.293378869394,0
0,490,1116.3881614793227,0
0,770,1119.9814321020285,0
0,753,1120.5294346858568,0
0,182,1121.1247260136083,0
1,6,1121.478838780677,1000.0
0,877,1122.4165275765854,0
1,631,1124.148730772352,1000.0
0,693,1124.6424289479105,0
0,850,1124.9783382843966,0
0,488,1125.0410504413417,0
0,575,1127.663848986885,0
0,581,1127.9543543965242,0
1,271,1128.3784693032917,1000.0
1,126,1129.7567561116568,1000.0
1,344,1129.8705985502531,1000.0
0,781,1130.4255349451719,0
1,36,1130.9600509010172,1000.0
0,897,1131.0500202826684,0
0,862,1133.5212431864543,0
0,15,1133.6424821616424,0
1,239,1135.4134477673424,1000.0
0,287,1135.9554304147357,0
0,626,1136.9564541667814,0
0,572,1136.979669601881,0
0,444,1137.3174117142023,0
0,559,1137.9785690900833,0
0,670,1140.217297829749,0
0,74,1141.9579580670584,0
0,890,1145.2768582159565,0
0,525,1147.0216899447328,0
1,194,1147.8514145012562,1000.0
1,684,1148.5801718236462,1000.0
0,76,1149.2340083898637,0
1,995,1149.4368728201846,1000.0
0,487,1150.889131437282,0
1,488,1151.312481267559,1000.0
0,728,1151.5657955141094,0
0,4,1152.6472581119278,0
0,36,1152.7153579554554,0
0,320,1154.3873810759485,0
1,196,1156.0269390055728,1000.0
0,989,1156.0402358600481,0
0,776,1156.4691959013699,0
1,588,1159.0522242416296,1000.0
1,887,1159.0614860977569,1000.0
0,688,1159.682643771319,0
0,811,1160.2984232251383,0
0,13,1160.3076067717677,0
0,664,1162.0917914978666,0
1,277,1162.259516183525,1000.0
0,836,1162.4926446730235,0
0,443,1164.4623548278178,0
1,27,1164.7228142468884,1000.0
1,216,1165.0567104912695,1000.0
0,756,1169.8691266777655,0
0,202,1171.5337420313124,0
0,764,1173.674350415184,0
0,276,1174.9515344260965,0
1,645,1176.8292329545286,1000.0
0,10,1177.2597391298086,0
0,197,1181.597105182977,0
1,511,1181.7203244518782,1000.0
0,386,1186.4700018667559,0
0,810,1187.9728941690985,0
0,740,1188.053390871261,0
0,746,1188.896785037068,0
0,30,1191.77826271112,0
1,37,1194.5205110186819,1000.0
0,673,1195.9529714570992,0
0,31,1196.344147149362,0
0,541,1196.8832899510985,0
0,29,1198.1290160323467,0
0,469,1198.552450354894,0
0,665,1198.6910849770848,0
0,656,1199.054196955812,0
0,436,1199.4133438540891,0
1,188,1211.0119588783916,1000.0
1,839,1217.79220759213,1000.0
0,28,1217.9966456499244,0
0,339,1218.0458469431098,0
0,255,1223.6002133387528,0
0,193,1226.5796139329257,0
0,181,1227.814760080535,0
0,642,1231.1837454966978,0
1,503,1231.9515899508735,1000.0
1,639,1233.2300971338957,1000.0
1,469,1239.7566153858916,1000.0
0,216,1240.1386893005422,0
0,331,1242.120290821301,0
1,630,1242.1285469257436,1000.0
0,103,1242.442113699638,0
0,648,1243.4741217728392,0
0,43,1244.839212393303,0
0,546,1245.3488623404025,0
0,201,1245.5269199595348,0
1,679,1248.802950253626,1000.0
0,970,1250.7143939484552,0
0,936,1251.6689844661137,0
0,359,1252.0715516824016,0
1,594,1253.3009652050555,1000.0
1,426,1254.932640245458,1000.0
0,88,1258.6635396408092,0
0,757,1260.1887653204112,0
0,505,1270.198140243524,0
1,678,1270.373128379517,1000.0
0,361,1271.629575346178,0
0,57,1273.7262684189386,0
0,697,1275.3147438541343,0
0,416,1275.9534911962307,0
1,18,1276.8508464582442,1000.0
0,712,1276.9920816798817,0
1,805,1278.2483600974597,1000.0
0,118,1278.9612889273938,0
1,207,1281.0479833007598,1000.0
1,73,1282.3179170961446,1000.0
1,502,1283.0269642935618,1000.0
0,761,1284.053182469533,0
1,330,1284.199380417985,1000.0
1,103,1284.780212354072,1000.0
1,198,1286.1846125091959,1000.0
0,791,1287.8808928385981,0
1,179,1288.2786209595247,1000.0
1,923,1288.802841964529,1000.0
1,670,1289.5448793615435,1000.0
1,514,1290.1278402347177,1000.0
1,869,1290.1684699524824,1000.0
1,686,1291.1568976371093,1000.0
1,231,1291.2937401663037,1000.0
1,901,1292.1873325501151,1000.0
1,773,1294.359589626264,1000.0
1,635,1294.514851318656,1000.0
1,214,1296.4243722602973,1000.0
1,648,1304.4042137221102,1000.0
1,584,1305.3797959388453,1000.0
1,34,1306.3925519841623,1000.0
1,546,1306.6741147291978,1000.0
1,147,1306.6945273456506,1000.0
1,292,1307.9911644505542,1000.0
1,693,1309.2580894035218,1000.0
1,459,1309.3319579230542,1000.0
1,728,1309.3633754308348,1000.0
1,35,1309.740290943896,1000.0
1,74,1310.0367271470327,1000.0
1,626,1312.3666659430899,1000.0
1,366,1314.7412375990857,1000.0
1,877,1316.601207442379,1000.0
1,810,1317.7699780034618,1000.0
1,357,1318.6977007566456,1000.0
1,487,1318.8076109360754,1000.0
0,622,1318.8704864975778,0
0,492,1319.9802017679374,0
1,436,1320.3487804529989,1000.0
1,130,1322.0479226702407,1000.0
1,100,1322.3913416264893,1000.0
1,783,1322.4318769834572,1000.0
1,868,1323.1409513982935,1000.0
1,605,1324.5111303203753,1000.0
1,406,1324.6790884183524,1000.0
1,761,1325.7147180212105,1000.0
1,665,1326.1317751909705,1000.0
1,795,1326.1399782183391,1000.0
1,250,1326.8960363049007,1000.0
1,11,1327.009399463496,1000.0
1,836,1327.8870923818452,1000.0
1,924,1328.7067895252992,1000.0
1,91,1328.803488282231,1000.0
1,384,1330.4227440759362,1000.0
1,577,1332.6387214990182,1000.0
1,113,1333.582672701413,1000.0
1,117,1334.6013031724772,1000.0
1,193,1334.6317371054486,1000.0
1,437,1334.9534146924034,1000.0
1,482,1335.221150375663,1000.0
1,259,1336.1967516163909,1000.0
1,732,1337.552247215149,1000.0
1,238,1340.7907382061198,1000.0
1,974,1340.9540999802196,1000.0
0,35,1343.6080566880942,0
1,712,1345.8061218412438,1000.0
1,821,1346.7777397934524,1000.0
1,799,1348.2743515506913,1000.0
1,568,1348.2974199233267,1000.0
1,600,1348.382533384302,1000.0
1,749,1350.4259547816214,1000.0
1,242,1351.5666728498295,1000.0
1,811,1352.240406367911,1000.0
1,824,1354.1350219938583,1000.0
1,393,1354.5164771634227,1000.0
1,674,1357.453039160125,1000.0
1,444,1357.5264859897406,1000.0
1,537,1357.8227996691528,1000.0
1,30,1360.2419754215196,1000.0
1,825,1361.103026691809,1000.0
1,118,1361.9058239320977,1000.0
1,769,1365.519275556299,1000.0
1,141,1367.2319979076597,1000.0
1,180,1367.4199412623525,1000.0
1,707,1368.3600680441536,1000.0
1,331,1369.3259050551226,1000.0
1,320,1370.9460944854861,1000.0
1,944,1371.8745117023384,1000.0
1,793,1372.2430987656044,1000.0
1,509,1373.1210647276444,1000.0
1,389,1373.7799728792324,1000.0
1,942,1374.555202484922,1000.0
1,860,1377.1103582751996,1000.0
1,354,1378.5869978853266,1000.0
1,247,1381.0773353697434,1000.0
1,656,1386.1526393847066,1000.0
1,817,1387.4254410390727,1000.0
1,415,1388.4384457358701,1000.0
1,240,1388.9674205122549,1000.0
1,457,1390.0426784275705,1000.0
1,971,1392.5473524025447,1000.0
1,160,1392.9619431898943,1000.0
1,945,1393.0030612094072,1000.0
1,529,1394.1929489914448,1000.0
1,708,1395.4781662273213,1000.0
1,290,1397.1680164420156,1000.0
1,908,1400.507540132993,1000.0
1,680,1402.1584131140864,1000.0
1,899,1402.5728701087962,1000.0
1,916,1404.399100815827,1000.0
1,219,1405.521574239521,1000.0
1,209,1405.5535556179725,1000.0
1,335,1407.5180807869738,1000.0
1,312,1411.097748506589,1000.0
1,505,1411.9700320084864,1000.0
1,837,1412.4536981578467,1000.0
1,905,1412.6740349899299,1000.0
1,632,1413.204346555546,1000.0
1,890,1413.6776578816732,1000.0
1,878,1415.9670108626483,1000.0
1,449,1416.12771490721,1000.0
1,800,1420.9866791960146,1000.0
1,683,1424.8124302520189,1000.0
1,695,1426.5565785325664,1000.0
1,359,1428.1360655762708,1000.0
1,838,1428.5836745876004,1000.0
1,129,1428.7901397508642,1000.0
1,781,1428.9857226119832,1000.0
1,478,1429.2973165120607,1000.0
1,443,1430.6597211909962,1000.0
1,756,1431.0720685354984,1000.0
1,132,1433.3682957549722,1000.0
1,747,1434.779584231692,1000.0
1,15,1435.5443928753898,1000.0
1,664,1435.7401014547502,1000.0
1,284,1436.4817415877212,1000.0
1,820,1439.8484806693007,1000.0
1,420,1440.037884856856,1000.0
1,555,1442.6763974176772,1000.0
1,746,1442.7654419355222,1000.0
1,828,1445.4483459546784,1000.0
1,540,1445.955639923236,1000.0
1,47,1446.4368145714625,1000.0
1,465,1446.5162193458948,1000.0
1,440,1447.0472615731142,1000.0
1,659,1448.2578760480308,1000.0
1,740,1450.059929089412,1000.0
1,855,1451.7097362452294,1000.0
1,490,1451.9432221988566,1000.0
1,182,1452.2032693232588,1000.0
1,127,1453.449829878517,1000.0
1,29,1453.9471939158125,1000.0
1,43,1454.0174813516994,1000.0
1,217,1456.29097589395,1000.0
1,44,1456.8117793427073,1000.0
1,744,1458.4282259987933,1000.0
1,471,1459.0356800713414,1000.0
1,898,1460.7397190590111,1000.0
1,301,1461.4183250535218,1000.0
1,162,1461.5038625799114,1000.0
1,458,1463.3058534632928,1000.0
1,57,1463.5253396319154,1000.0
1,897,1465.9643378177298,1000.0
1,673,1466.3447540443121,1000.0
1,123,1468.3383275413019,1000.0
1,987,1468.5020062355434,1000.0
1,383,1468.6001807473942,1000.0
1,325,1469.1088666384653,1000.0
1,667,1469.7901712605787,1000.0
1,778,1470.902232900199,1000.0
1,788,1471.3001671205777,1000.0
1,202,1472.2096465739844,1000.0
1,963,1475.138757609713,1000.0
1,281,1476.1306137161498,1000.0
1,697,1476.4751888732717,1000.0
1,920,1476.4850693874441,1000.0
1,968,1477.5239622862941,1000.0
1,722,1477.9006508896457,1000.0
1,120,1478.952928404773,1000.0
1,581,1479.6404536723269,1000.0
1,334,1480.0092329987344,1000.0
1,627,1480.3595082951922,1000.0
1,538,1480.6559203476456,1000.0
1,827,1480.6798706423276,1000.0
1,518,1481.7669756843616,1000.0
1,681,1484.0834708131938,1000.0
1,525,1485.3189984315131,1000.0
1,575,1485.8125512353981,1000.0
1,88,1486.3710394228533,1000.0
1,306,1489.1059115819073,1000.0
1,556,1489.9199717939655,1000.0
1,504,1490.283606091397,1000.0
1,4,1492.8328361484228,1000.0
1,885,1494.3050840240803,1000.0
1,589,1495.475486641696,1000.0
1,688,1495.5197722776302,1000.0
1,572,1495.5484600582436,1000.0
1,228,1496.049042828695,1000.0
1,424,1496.3522134275827,1000.0
1,61,1496.5721307267008,1000.0
1,311,1496.755562507337,1000.0
1,287,1499.4765864746098,1000.0
1,579,1499.7940447657504,1000.0
1,857,1500.7452511269503,1000.0
1,381,1503.8204175184544,1000.0
1,748,1504.025737384633,1000.0
1,736,1504.2119125559193,1000.0
1,49,1504.8662699759486,1000.0
1,739,1507.7730383027445,1000.0
1,993,1508.970432233864,1000.0
1,76,1509.8273716202386,1000.0
1,92,1510.539309983797,1000.0
1,497,1512.080684577621,1000.0
1,544,1512.803838123651,1000.0
1,143,1513.6698535283124,1000.0
1,19,1515.2479390426117,1000.0
1,146,1515.7464987558922,1000.0
1,276,1518.6074042558353,1000.0
1,764,1518.9465808273285,1000.0
1,733,1519.4523771651366,1000.0
1,936,1519.7140226683077,1000.0
1,876,1520.0163850479473,1000.0
1,931,1520.8675712793618,1000.0
1,927,1521.017774776653,1000.0
1,31,1521.0295909499798,1000.0
1,595,1521.7737673462423,1000.0
1,230,1522.8610522547326,1000.0
1,28,1523.0286851506792,1000.0
1,246,1524.8901002223524,1000.0
1,417,1526.0607627593429,1000.0
1,372,1527.530265236636,1000.0
1,400,1530.1803830316721,1000.0
1,770,1530.7912102462255,1000.0
1,416,1531.430898318353,1000.0
1,373,1533.113836471046,1000.0
1,776,1533.6439971562272,1000.0
1,25,1533.7741847952232,1000.0
1,940,1534.2584058473108,1000.0
1,530,1536.7349503565918,1000.0
1,144,1539.6875831478544,1000.0
1,989,1540.982348710786,1000.0
1,485,1541.339497193799,1000.0
1,398,1543.7009714291034,1000.0
1,369,1545.1150375964423,1000.0
1,852,1546.5170906698777,1000.0
1,862,1547.8823445018359,1000.0
1,874,1548.1514485293396,1000.0
1,541,1549.1910361005769,1000.0
1,181,1550.2331192334248,1000.0
1,966,1550.650415984566,1000.0
1,176,1551.299127218245,1000.0
1,753,1551.8323752525891,1000.0
1,163,1552.8357306803746,1000.0
1,548,1553.231812939773,1000.0
1,14,1554.0412948501757,1000.0
1,89,1554.3952039799515,1000.0
1,221,1555.610254373084,1000.0
1,382,1556.9171056952944,1000.0
1,943,1558.0264455954234,1000.0
1,411,1558.0314832774966,1000.0
1,229,1558.8045517836324,1000.0
1,404,1559.082372454281,1000.0
1,352,1563.1780155695785,1000.0
1,701,1564.1661076481105,1000.0
1,432,1564.8524214186937,1000.0
1,321,1567.4053951991023,1000.0
1,308,1567.5622261270134,1000.0
1,249,1568.1260963121474,1000.0
1,13,1568.982057733576,1000.0
1,363,1569.4426972877172,1000.0
1,591,1570.747790004038,1000.0
1,108,1570.9182423370958,1000.0
1,849,1571.1269494840856,1000.0
1,434,1571.3505150313326,1000.0
1,960,1572.7130737799268,1000.0
1,973,1572.9734283108198,1000.0
1,737,1574.3724335536772,1000.0
1,197,1577.2487891129233,1000.0
1,422,1577.315885197581,1000.0
1,248,1578.4009891033638,1000.0
1,26,1578.4356958870371,1000.0
1,370,1579.1705186970707,1000.0
1,60,1579.5042535251414,1000.0
1,300,1579.8711010740913,1000.0
1,935,1580.1987601018277,1000.0
1,98,1580.249749715982,1000.0
1,70,1580.6894026433145,1000.0
1,651,1580.9088687753745,1000.0
1,914,1582.8834044983441,1000.0
1,967,1583.4603670708277,1000.0
1,161,1584.4881053437107,1000.0
1,657,1584.9811549973174,1000.0
1,397,1585.6640570026013,1000.0
1,114,1586.55462127822,1000.0
1,880,1588.065756587484,1000.0
1,82,1588.3568738201618,1000.0
1,313,1590.608350872636,1000.0
1,392,1594.0487529940538,1000.0
1,255,1594.0826572788562,1000.0
1,106,1594.7264580463352,1000.0
1,252,1595.1027777675858,1000.0
1,50,1595.627516968333,1000.0
1,63,1596.8346545978502,1000.0
1,791,1597.2304595302674,1000.0
1,929,1597.4482572130098,1000.0
1,653,1598.1133918479272,1000.0
1,561,1598.6915213470643,1000.0
1,520,1599.6728710488633,1000.0
1,554,1600.791571723546,1000.0
1,741,1602.0452194748775,1000.0
1,895,1602.4645724606364,1000.0
1,992,1602.7240673893534,1000.0
1,243,1604.373790948261,1000.0
1,69,1606.493847497046,1000.0
1,10,1607.0165504978847,1000.0
1,846,1608.0499321158834,1000.0
1,794,1608.9020727949444,1000.0
1,625,1610.2097789827822,1000.0
1,429,1611.5848925892683,1000.0
1,183,1611.7965845620033,1000.0
1,84,1612.1647491359577,1000.0
1,580,1612.3288459738947,1000.0
1,965,1613.574772585414,1000.0
1,291,1613.760008636916,1000.0
1,492,1613.9252730182657,1000.0
1,286,1616.2188185356301,1000.0
1,257,1617.2511604213646,1000.0
1,148,1617.6709681341179,1000.0
1,831,1618.4363238853646,1000.0
1,279,1619.5516171671313,1000.0
1,962,1619.5934106014013,1000.0
1,350,1619.6413564992315,1000.0
1,224,1619.8232655271725,1000.0
1,738,1620.0137047795133,1000.0
1,32,1620.3333462264113,1000.0
1,716,1621.3924361621916,1000.0
1,203,1622.000717052759,1000.0
1,201,1622.2027181319784,1000.0
1,994,1623.0604228930051,1000.0
1,622,1623.9423883368515,1000.0
1,606,1624.930326928437,1000.0
1,205,1626.2820137050026,1000.0
1,757,1626.5499604911454,1000.0
1,559,1628.7933180857624,1000.0
1,694,1629.5095697827583,1000.0
1,119,1629.9430426482356,1000.0
1,698,1630.2611108736646,1000.0
1,483,1631.4018886320562,1000.0
1,814,1632.0417270735265,1000.0
1,866,1635.4971270521423,1000.0
1,51,1635.77113755221,1000.0
1,833,1636.1333076761457,1000.0
1,647,1636.7771936333893,1000.0
1,142,1636.8837397131354,1000.0
1,169,1639.3542292817997,1000.0
1,785,1640.100414804362,1000.0
1,135,1641.1988661804692,1000.0
1,759,1641.2220104056205,1000.0
1,629,1641.6438375553794,1000.0
1,407,1642.5686445689241,1000.0
1,844,1643.0445899215488,1000.0
1,399,1645.475270380575,1000.0
1,7,1645.5069934753965,1000.0
1,365,1645.6535834445733,1000.0
1,402,1645.9848822234019,1000.0
1,970,1648.0685040985172,1000.0
1,574,1648.496676148761,1000.0
1,441,1649.205502596747,1000.0
1,829,1649.435743356558,1000.0
1,896,1649.5204686984864,1000.0
1,347,1650.207044923446,1000.0
1,699,1650.7594658325786,1000.0
1,327,1650.903122632627,1000.0
1,886,1651.1286449685165,1000.0
1,715,1651.2529792863184,1000.0
1,720,1651.5404077675998,1000.0
1,430,1651.658758486376,1000.0
1,711,1651.7175671196583,1000.0
1,642,1652.811529505932,1000.0
1,700,1654.3043910187787,1000.0
1,414,1654.4124122738722,1000.0
1,822,1655.6446150799095,1000.0
1,396,1655.8727582858992,1000.0
1,775,1656.527905553109,1000.0
1,386,1659.424409701738,1000.0
1,850,1660.0526964313924,1000.0
1,616,1660.590268670981,1000.0
1,48,1660.680098333221,1000.0
1,906,1660.9250890479052,1000.0
1,986,1661.5742233790643,1000.0
1,138,1663.501310341283,1000.0
1,569,1663.8036113779797,1000.0
1,590,1664.1711757549406,1000.0
1,122,1664.295414270322,1000.0
1,566,1664.385133936585,1000.0
1,547,1666.5136342460337,1000.0
1,479,1667.264851584625,1000.0
1,685,1669.1405802103097,1000.0
1,949,1669.204159088676,1000.0
1,560,1669.6024140276238,1000.0
1,2,1670.331956906345,1000.0
1,925,1671.486039259121,1000.0
1,140,1671.589296062744,1000.0
1,413,1671.6306438204651,1000.0
1,24,1671.913093905324,1000.0
1,494,1672.7248403463952,1000.0
1,703,1674.0740505181218,1000.0
1,731,1674.1611219564775,1000.0
1,337,1674.598403233199,1000.0
1,90,1675.3673800187617,1000.0
1,596,1675.7995252472006,1000.0
1,735,1677.1341424944376,1000.0
1,539,1677.4711404519596,1000.0
1,535,1677.5463204254806,1000.0
1,38,1679.4657627500442,1000.0
1,599,1679.8659260408488,1000.0
1,617,1679.9268459805194,1000.0
1,297,1680.6848175030093,1000.0
1,499,1681.2647999303863,1000.0
1,915,1681.8115397652139,1000.0
1,96,1683.4480007079949,1000.0
1,710,1683.7180492809598,1000.0
1,40,1683.9023269023082,1000.0
1,950,1684.1031267293988,1000.0
1,999,1685.6254910783698,1000.0
1,472,1686.480913907541,1000.0
1,983,1688.361463453797,1000.0
1,528,1688.5649278930816,1000.0
1,235,1688.88530354059,1000.0
1,5,1689.1056741832738,1000.0
1,166,1690.8659749989295,1000.0
1,339,1692.7274612902806,1000.0
1,104,1692.7491631306898,1000.0
1,624,1693.700599367088,1000.0
1,233,1693.7988141166454,1000.0
1,524,1694.4929883714317,1000.0
1,790,1694.7895918627364,1000.0
1,545,1695.3840159090798,1000.0
1,295,1696.8339228243808,1000.0
1,296,1698.6192768982355,1000.0
1,206,1700.1793632951615,1000.0
1,638,1700.3677480073084,1000.0
1,957,1700.5589241726334,1000.0
1,425,1701.1419746736667,1000.0
1,668,1701.5367276532743,1000.0
1,602,1701.802812148559,1000.0
1,611,1702.1698246531707,1000.0
1,984,1705.006692846568,1000.0
1,66,1705.89811302534,1000.0
1,840,1706.1897968873452,1000.0
1,779,1706.2354595740148,1000.0
1,22,1708.1866919941713,1000.0
1,615,1708.5760876863055,1000.0
1,421,1709.279044568611,1000.0
1,536,1709.6136276830503,1000.0
1,226,1711.9858409395283,1000.0
1,948,1712.7349896898472,1000.0
1,173,1713.660507409012,1000.0
1,371,1713.952598517164,1000.0
1,489,1716.8658308929864,1000.0
1,307,1716.9718849764115,1000.0
1,75,1717.579300646886,1000.0
1,526,1717.668333003075,1000.0
1,470,1719.092964147958,1000.0
1,774,1720.5420891146396,1000.0
1,682,1720.816479492074,1000.0
1,260,1720.8849555206787,1000.0
1,102,1721.0107837071535,1000.0
1,870,1721.2930893085318,1000.0
1,725,1721.4534694499384,1000.0
1,978,1721.7177776252431,1000.0
1,621,1722.1169797668772,1000.0
1,564,1722.8253943308735,1000.0
1,151,1723.2889343929094,1000.0
1,353,1723.8066060172916,1000.0
1,355,1724.1710958111128,1000.0
1,41,1726.6508507775702,1000.0
1,385,1727.1424627869417,1000.0
1,888,1727.1448370609962,1000.0
1,655,1727.679011808424,1000.0
1,807,1728.012697504563,1000.0
1,65,1728.295846684022,1000.0
1,910,1729.5185177855797,1000.0
1,913,1730.2222163454062,1000.0
1,349,1730.978660559885,1000.0
1,199,1731.5832750694926,1000.0
1,351,1732.3741728953275,1000.0
1,871,1733.7543947715121,1000.0
1,889,1733.9339213533267,1000.0
1,582,1734.4975554135747,1000.0
1,601,1735.352403254492,1000.0
1,780,1735.6061539548757,1000.0
1,305,1736.701896157728,1000.0
1,274,1737.6971683141064,1000.0
1,210,1737.7197589851864,1000.0
1,251,1738.6345489030527,1000.0
1,883,1740.440372267422,1000.0
1,85,1740.5278943644005,1000.0
1,54,1741.0054605485898,1000.0
1,59,1741.046441075829,1000.0
1,842,1742.3962260111025,1000.0
1,204,1743.1146387124925,1000.0
1,959,1743.6530632726603,1000.0
1,343,1743.7454615247457,1000.0
1,742,1745.366616464378,1000.0
1,463,1745.7307371375557,1000.0
1,724,1746.4583580229353,1000.0
1,662,1747.5886883597109,1000.0
1,650,1747.7091365459223,1000.0
1,94,1748.122646501377,1000.0
1,448,1749.5144973491015,1000.0
1,128,1749.761824892729,1000.0
1,843,1750.51485997609,1000.0
1,322,1750.7663386031134,1000.0
1,435,1751.3263225568023,1000.0
1,982,1752.3631298094374,1000.0
1,185,1752.609859160168,1000.0
1,787,1753.080180554106,1000.0
1,658,1753.630119495432,1000.0
1,360,1754.8424909221035,1000.0
1,223,1754.9692292648017,1000.0
1,818,1755.0380753352267,1000.0
1,813,1756.3960513870356,1000.0
1,302,1756.5031688563097,1000.0
1,705,1757.5385519991648,1000.0
1,806,1758.4035207674985,1000.0
1,56,1758.5119350475818,1000.0
1,484,1758.6685270873845,1000.0
1,270,1760.2261939428117,1000.0
1,713,1760.9479589381506,1000.0
1,174,1761.6839624591225,1000.0
1,583,1762.0974365537825,1000.0
1,777,1762.4126000977797,1000.0
1,922,1762.5966604373064,1000.0
1,165,1762.9929317107608,1000.0
1,861,1763.2229973389137,1000.0
1,832,1763.5929170457332,1000.0
1,676,1765.146243572264,1000.0
1,454,1765.2971583606754,1000.0
1,640,1765.4016991159738,1000.0
1,603,1765.9041691303294,1000.0
1,689,1766.1822352678287,1000.0
1,610,1766.3126044779253,1000.0
1,364,1767.9380753651985,1000.0
1,428,1769.1833195689053,1000.0
1,912,1769.2771247081128,1000.0
1,467,1769.3265030871685,1000.0
1,592,1771.1649191761478,1000.0
1,549,1771.5432318801772,1000.0
1,154,1773.0922064645224,1000.0
1,178,1775.2448023911415,1000.0
1,326,1775.5557645658112,1000.0
1,267,1776.0032051988014,1000.0
1,797,1776.3274124013988,1000.0
1,755,1776.6597511738594,1000.0
1,427,1776.7502731069048,1000.0
1,345,1776.7734484130772,1000.0
1,438,1776.967537909246,1000.0
1,845,1781.0581540080284,1000.0
1,961,1782.090844237285,1000.0
1,666,1785.6145416093902,1000.0
1,266,1785.6622517732128,1000.0
1,614,1786.0566843145027,1000.0
1,891,1787.5232593524943,1000.0
1,12,1789.4808897488153,1000.0
1,976,1790.01973259618,1000.0
1,808,1790.438258791782,1000.0
1,812,1790.724461146578,1000.0
1,280,1790.824511905434,1000.0
1,67,1790.9503464605136,1000.0
1,921,1791.2657408968494,1000.0
1,532,1791.4423561942267,1000.0
1,723,1793.3691557059497,1000.0
1,772,1793.5829240917074,1000.0
1,802,1793.8659738286904,1000.0
1,743,1795.5850575962256,1000.0
1,516,1796.635015548899,1000.0
1,189,1796.7313134504848,1000.0
1,227,1797.1618496024116,1000.0
1,453,1798.2473949619102,1000.0
1,654,1800.0270638324878,1000.0
1,809,1800.0794278263916,1000.0
1,696,1800.4186865900783,1000.0
1,652,1800.5681401598001,1000.0
1,623,1802.9245194782466,1000.0
1,941,1802.9397178653448,1000.0
1,16,1803.0284403393866,1000.0
1,998,1803.1467984992357,1000.0
1,893,1803.2022101670632,1000.0
1,719,1804.1594945005254,1000.0
1,278,1804.182358046847,1000.0
1,491,1804.8765599614533,1000.0
1,567,1804.9962858713632,1000.0
1,476,1805.4373595761838,1000.0
1,937,1806.46595415202,1000.0
1,192,1807.0137376594669,1000.0
1,319,1809.2427354019753,1000.0
1,367,1809.6297402368268,1000.0
1,782,1812.7446460139356,1000.0
1,442,1815.0349748196172,1000.0
1,391,1815.1900933719596,1000.0
1,500,1816.0489020908788,1000.0
1,975,1816.628461231811,1000.0
1,121,1817.0867699751745,1000.0
1,687,1817.8111612714813,1000.0
1,597,1819.4683604537038,1000.0
1,317,1821.7835312715906,1000.0
1,904,1822.1282018916247,1000.0
1,586,1822.2828491805976,1000.0
1,801,1822.6541047606142,1000.0
1,299,1823.161417854035,1000.0
1,263,1823.5506938843987,1000.0
1,83,1823.9553775918384,1000.0
1,604,1824.3729561418916,1000.0
1,323,1824.7446296903663,1000.0
1,765,1825.6752893838961,1000.0
1,522,1826.5847825212877,1000.0
1,394,1826.606644048001,1000.0
1,947,1827.442102973078,1000.0
1,988,1827.6907827764874,1000.0
1,644,1829.0941419804994,1000.0
1,585,1829.2496891544515,1000.0
1,273,1831.2147228635922,1000.0
1,388,1832.0361341017056,1000.0
1,86,1832.2162463783359,1000.0
1,412,1832.2355093887716,1000.0
1,507,1832.8466890515356,1000.0
1,215,1833.4118499141925,1000.0
1,218,1833.9996040995125,1000.0
1,501,1835.6259335545335,1000.0
1,68,1836.75243907886,1000.0
1,760,1837.033657207889,1000.0
1,124,1837.5952942553267,1000.0
1,619,1838.1331387571433,1000.0
1,933,1838.4608138376739,1000.0
1,903,1838.585481537944,1000.0
1,468,1839.673271354295,1000.0
1,46,1840.4803169711856,1000.0
1,985,1841.2333162724146,1000.0
1,324,1841.36769499271,1000.0
1,900,1842.278982550039,1000.0
1,445,1842.4737964962615,1000.0
1,851,1843.008310599204,1000.0
1,115,1843.042980741475,1000.0
1,495,1843.0435394249948,1000.0
1,863,1843.7196006811344,1000.0
1,872,1843.752855509725,1000.0
1,637,1844.9842618008622,1000.0
1,752,1846.3119897032636,1000.0
1,934,1847.1062585509605,1000.0
1,33,1847.1526755371128,1000.0
1,234,1847.828372534312,1000.0
1,107,1847.8600121112809,1000.0
1,419,1847.8884857061062,1000.0
1,952,1848.1264054543178,1000.0
1,244,1848.1494895213532,1000.0
1,153,1848.311421981053,1000.0
1,758,1848.3449928429543,1000.0
1,21,1848.9727833303234,1000.0
1,709,1850.0698294366528,1000.0
1,236,1850.5572900799843,1000.0
1,643,1851.446733271122,1000.0
1,0,1851.830021152846,1000.0
1,390,1853.4682697100432,1000.0
1,62,1853.5414229974376,1000.0
1,856,1854.0511578880476,1000.0
1,506,1854.1636594367556,1000.0
1,969,1854.2148275783904,1000.0
1,328,1854.597732549702,1000.0
1,110,1855.9055297169384,1000.0
1,380,1856.5058870247365,1000.0
1,374,1857.1755070522977,1000.0
1,730,1857.9192273429169,1000.0
1,902,1858.4688882486291,1000.0
1,677,1858.816712695373,1000.0
1,946,1860.0527078481512,1000.0
1,190,1861.1808465038473,1000.0
1,410,1861.309016638753,1000.0
1,171,1861.3528254499843,1000.0
1,513,1863.423578263466,1000.0
1,786,1863.6347029835772,1000.0
1,745,1863.8427874870176,1000.0
1,864,1864.016746330902,1000.0
1,42,1864.1147158243884,1000.0
1,152,1864.130404825624,1000.0
1,401,1865.0933126877305,1000.0
1,156,1865.5104589817581,1000.0
1,72,1866.1575772722022,1000.0
1,718,1867.0145953496128,1000.0
1,403,1867.0265935576497,1000.0
1,587,1869.822971973169,1000.0
1,671,1871.1767171987792,1000.0
1,112,1871.9881860364271,1000.0
1,375,1872.104779379429,1000.0
1,613,1872.1962276812087,1000.0
1,315,1873.7644200342709,1000.0
1,474,1874.8798616924935,1000.0
1,109,1875.0704975384306,1000.0
1,97,1875.3979247530838,1000.0
1,265,1875.500224513332,1000.0
1,125,1875.6578814634825,1000.0
1,80,1876.864314025479,1000.0
1,253,1877.3506148341055,1000.0
1,314,1878.4313968471915,1000.0
1,466,1879.1692805139762,1000.0
1,612,1879.3333423963575,1000.0
1,692,1879.6492531407898,1000.0
1,907,1880.6226048704048,1000.0
1,981,1880.9366906994794,1000.0
1,953,1881.0755847864807,1000.0
1,155,1881.1741899404917,1000.0
1,8,1882.4328975927501,1000.0
1,99,1882.884311776927,1000.0
1,58,1883.283645349535,1000.0
1,450,1883.7160266498697,1000.0
1,477,1883.8057388336686,1000.0
1,93,1884.17086758848,1000.0
1,461,1885.2037461236805,1000.0
1,462,1886.0080050500706,1000.0
1,225,1886.2672053813535,1000.0
1,750,1886.558308496512,1000.0
1,646,1886.5788715487697,1000.0
1,919,1888.2715455035457,1000.0
1,78,1888.9099261490605,1000.0
1,892,1889.006609511269,1000.0
1,570,1889.7144119703235,1000.0
1,766,1890.4693913083095,1000.0
1,17,1890.7753496772175,1000.0
1,433,1892.160471130388,1000.0
1,211,1892.715400253547,1000.0
1,172,1892.9219183490518,1000.0
1,342,1894.3512424763935,1000.0
1,519,1894.907364640797,1000.0
1,754,1898.0497936410386,1000.0
1,455,1899.951008902162,1000.0
1,534,1900.6359562120472,1000.0
1,3,1901.2287304655154,1000.0
1,222,1902.470349671165,1000.0
1,167,1902.6375251078653,1000.0
1,767,1903.1109344548793,1000.0
1,763,1903.484519896342,1000.0
1,269,1903.797670707654,1000.0
1,576,1904.008703331408,1000.0
1,847,1904.9570642498911,1000.0
1,881,1905.0660814424002,1000.0
1,481,1905.1337049600797,1000.0
1,543,1905.3015526702538,1000.0
1,553,1906.777783323082,1000.0
1,298,1906.9439533622308,1000.0
1,87,1907.1866171642218,1000.0
1,208,1908.0625335493073,1000.0
1,563,1908.1599470249803,1000.0
1,571,1908.9921017969064,1000.0
1,368,1909.1048572955647,1000.0
1,309,1909.59596697003,1000.0
1,475,1909.6659372028644,1000.0
1,977,1909.8403381725236,1000.0
1,515,1911.4433372633055,1000.0
1,346,1911.6752587980875,1000.0
1,149,1913.0027259344474,1000.0
1,798,1913.0490648028504,1000.0
1,283,1913.184369373197,1000.0
1,439,1913.5132835879845,1000.0
1,848,1913.7324212928736,1000.0
1,721,1915.0933684499028,1000.0
1,338,1917.4545073699842,1000.0
1,387,1918.2442578475461,1000.0
1,187,1918.5428312165645,1000.0
1,565,1919.305040041997,1000.0
1,376,1920.1340653156851,1000.0
1,972,1920.2947003470554,1000.0
1,882,1920.8034729782926,1000.0
1,859,1921.449914438509,1000.0
1,762,1922.7183131363422,1000.0
1,493,1923.7312833816977,1000.0
1,521,1925.0747604106277,1000.0
1,212,1925.7355147209562,1000.0
1,473,1925.970115805391,1000.0
1,771,1927.0297323305347,1000.0
1,951,1927.3602571878234,1000.0
1,452,1927.9913084350703,1000.0
1,726,1928.0594569409361,1000.0
1,523,1928.9144333036213,1000.0
1,531,1928.932561592761,1000.0
1,979,1928.9449629014387,1000.0
1,918,1929.5538822012588,1000.0
1,854,1930.1267748914042,1000.0
1,633,1931.0625242792048,1000.0
1,101,1931.0919572661162,1000.0
1,268,1931.292331799842,1000.0
1,816,1932.001320452961,1000.0
1,997,1932.0865902050064,1000.0
1,557,1934.1226758769174,1000.0
1,609,1934.264242022012,1000.0
1,336,1936.6623751984348,1000.0
1,159,1937.360660412443,1000.0
1,447,1939.136136135834,1000.0
1,175,1940.363748802683,1000.0
1,340,1944.8106866468047,1000.0
1,804,1945.6069862524027,1000.0
1,830,1946.3044415586373,1000.0
1,702,1947.3702600317154,1000.0
1,996,1949.0499999427868,1000.0
1,823,1951.7948858150003,1000.0
1,894,1954.9508974819726,1000.0
1,316,1955.852043343766,1000.0
1,254,1957.7767332800966,1000.0
1,734,1958.6719357811726,1000.0
1,517,1959.0386842406542,1000.0
1,990,1962.0861781391409,1000.0
1,379,1963.132541770879,1000.0
1,52,1963.447348921015,1000.0
1,714,1963.9574844970407,1000.0
1,727,1966.115088801716,1000.0
1,542,1966.3922803019998,1000.0
1,71,1968.7757542889563,1000.0
1,510,1969.8215500186159,1000.0
1,200,1970.9417210609763,1000.0
1,220,1972.0092198412324,1000.0
1,213,1975.8847274188815,1000.0
1,660,1975.994201242295,1000.0
1,819,1976.8476127030144,1000.0
1,932,1977.13716801613,1000.0
1,865,1977.472529166635,1000.0
1,958,1977.9211085558481,1000.0
1,717,1978.121533004476,1000.0
1,39,1980.065707680218,1000.0
1,853,1980.3718075862582,1000.0
1,456,1981.4678065279106,1000.0
1,573,1983.0431888220523,1000.0
1,607,1983.369791551668,1000.0
1,177,1985.4197725547735,1000.0
1,157,1985.531016894111,1000.0
1,423,1986.046313293128,1000.0
1,105,1990.263369352796,1000.0
1,378,1992.9057837929267,1000.0
1,137,1993.0956293913623,1000.0
1,341,1993.7790587826464,1000.0
1,245,1994.1539328162055,1000.0
1,593,1994.7780031243124,1000.0
1,418,1994.7903767129299,1000.0
1,706,1994.8346454335074,1000.0
1,186,1995.6619352863631,1000.0
1,64,1995.9642538048752,1000.0
1,304,1996.4716020158296,1000.0
1,496,1999.4753315795376,1000.0
1,289,2000.1770340879202,1000.0
1,964,2000.3806792560827,1000.0
1,329,2001.7323629743007,1000.0
1,884,2002.272025577613,1000.0
1,191,2003.8491600369348,1000.0
1,77,2003.9503627244692,1000.0
1,377,2006.715268049036,1000.0
1,729,2007.7722056402702,1000.0
1,789,2008.0579713798409,1000.0
1,875,2008.9554447255618,1000.0
1,408,2009.086606177254,1000.0
1,95,2009.3116829516196,1000.0
1,512,2010.4016118765348,1000.0
1,508,2010.4535804890097,1000.0
1,55,2012.435599400863,1000.0
1,431,2015.3438981416293,1000.0
1,362,2017.636874737992,1000.0
1,930,2020.2799266418633,1000.0
1,562,2022.2867145491027,1000.0
1,272,2023.1804894866257,1000.0
1,939,2023.8549733417624,1000.0
1,446,2025.0108743646592,1000.0
1,751,2026.0566247187908,1000.0
1,879,2026.4732808163196,1000.0
1,598,2027.2821041915652,1000.0
1,768,2028.1223145780552,1000.0
1,1,2028.9171254992116,1000.0
1,938,2029.5618965150616,1000.0
1,867,2031.4170073460273,1000.0
1,663,2031.7077342916052,1000.0
1,45,2033.1378080566706,1000.0
1,909,2035.6502406604386,1000.0
1,669,2040.5635345240462,1000.0
1,618,2043.1188768025304,1000.0
1,784,2045.3150296758802,1000.0
1,232,2048.869663470154,1000.0
1,464,2052.0426610598283,1000.0
1,672,2053.9966388621224,1000.0
1,641,2055.3039067609325,1000.0
1,168,2058.7814800489323,1000.0
1,551,2059.7058036321923,1000.0
1,498,2060.366935552438,1000.0
1,170,2061.7670814400653,1000.0
1,158,2062.1005937706973,1000.0
1,628,2066.7057269102497,1000.0
1,136,2068.021497372219,1000.0
1,303,2071.7411797129243,1000.0
1,9,2071.88103414109,1000.0
1,926,2072.778750667485,1000.0
1,150,2073.6294550603156,1000.0
1,661,2080.831841165104,1000.0
1,835,2081.724322174241,1000.0
1,134,2083.459092457283,1000.0
1,262,2086.1818446515995,1000.0
1,955,2086.2530163971596,1000.0
1,23,2086.4018411775696,1000.0
1,911,2087.708901068141,1000.0
1,991,2089.1108216020452,1000.0
1,184,2093.5337109410384,1000.0
1,620,2094.2185323995786,1000.0
1,81,2097.9241534872185,1000.0
1,237,2098.7616388751085,1000.0
1,79,2099.818729837772,1000.0
1,815,2100.1644662584017,1000.0
1,294,2101.0911602393207,1000.0
1,288,2102.1041978407607,1000.0
1,164,2102.632870138945,1000.0
1,275,2105.910839703614,1000.0
1,486,2109.548063036177,1000.0
1,241,2112.1503004950023,1000.0
1,451,2113.380840681171,1000.0
1,649,2114.3962800250033,1000.0
1,533,2118.0973507306926,1000.0
1,195,2120.4889172917105,1000.0
1,704,2123.0961031317765,1000.0
1,348,2123.242204046528,1000.0
1,558,2124.5271705408372,1000.0
1,116,2130.5612517044797,1000.0
1,318,2131.203633638372,1000.0
1,131,2138.2864389722504,1000.0
1,636,2139.829698792206,1000.0
1,53,2148.036672882175,1000.0
1,552,2149.3756150573545,1000.0
1,792,2150.4712949142877,1000.0
1,691,2157.2032069597813,1000.0
1,980,2159.1587486522853,1000.0
1,690,2162.815224996542,1000.0
1,145,2164.1299115234474,1000.0
1,550,2169.630492918021,1000.0
1,285,2176.584498167578,1000.0
1,834,2184.7133207543457,1000.0
1,139,2199.811800533008,1000.0
1,527,2203.182504071818,1000.0
1,258,2205.335956708565,1000.0
1,256,2214.6584484911796,1000.0
1,395,2215.445041526076,1000.0
1,111,2219.821446917478,1000.0
1,873,2223.738149664013,1000.0
1,356,2226.207560130897,1000.0
1,405,2227.025185649738,1000.0
1,954,2235.7885967052134,1000.0
1,310,2236.144422231246,1000.0
1,858,2239.7773099805245,1000.0
1,578,2240.002564536634,1000.0
1,409,2243.2292376081236,1000.0
1,928,2244.3238019425517,1000.0
1,293,2245.3965724279306,1000.0
1,803,2253.9341676869567,1000.0
1,282,2258.167614953565,1000.0
1,917,2269.4344021891993,1000.0
1,133,2271.217865222835,1000.0
1,480,2272.6796782579677,1000.0
1,332,2274.374069701556,1000.0
1,841,2277.5843042177667,1000.0
1,826,2281.413886958091,1000.0
1,608,2281.760450733586,1000.0
1,333,2284.7420135877055,1000.0
1,264,2296.5401042190365,1000.0
1,675,2298.6952824946634,1000.0
